{
  "timestamp": "2026-04-17T22:07:14.935269",
  "image_size": [
    512,
    512
  ],
  "sensor_params": {
    "wavelength_m": 0.055,
    "incidence_angle_deg": 23.0,
    "resolution_m": 10.0
  },
  "environmental_conditions": {
    "weather": "moderate",
    "wind_speed_ms": 5.0,
    "wind_direction_deg": 0.0,
    "wave_height_m": 2.0
  },
  "oil_properties": {
    "viscosity_cst": 277.31508235474234,
    "thickness_mm": 1.3859464267816917,
    "age_hours": 65.73883767484202
  },
  "spills": [
    {
      "center": {
        "y": 327,
        "x": 226
      },
      "radius_pixels": 26,
      "estimated_area_m2": 212371.66338267003
    }
  ],
  "statistics": {
    "oil_area_pixels": 2138,
    "oil_coverage_percent": 0.815582275390625,
    "total_area_m2": 26214400.0
  }
}