{
  "timestamp": "2026-04-17T22:07:09.642564",
  "image_size": [
    512,
    512
  ],
  "sensor_params": {
    "wavelength_m": 0.055,
    "incidence_angle_deg": 23.0,
    "resolution_m": 10.0
  },
  "environmental_conditions": {
    "weather": "calm",
    "wind_speed_ms": 2.0,
    "wind_direction_deg": 0.0,
    "wave_height_m": 2.0
  },
  "oil_properties": {
    "viscosity_cst": 139.0813410520861,
    "thickness_mm": 4.012262470735734,
    "age_hours": 5.277066396531295
  },
  "spills": [
    {
      "center": {
        "y": 270,
        "x": 272
      },
      "radius_pixels": 41,
      "estimated_area_m2": 528101.7250684443
    },
    {
      "center": {
        "y": 241,
        "x": 133
      },
      "radius_pixels": 55,
      "estimated_area_m2": 950331.7777109124
    }
  ],
  "statistics": {
    "oil_area_pixels": 14992,
    "oil_coverage_percent": 5.718994140625,
    "total_area_m2": 26214400.0
  }
}