{
  "timestamp": "2026-04-17T22:07:08.949205",
  "image_size": [
    512,
    512
  ],
  "sensor_params": {
    "wavelength_m": 0.055,
    "incidence_angle_deg": 23.0,
    "resolution_m": 10.0
  },
  "environmental_conditions": {
    "weather": "calm",
    "wind_speed_ms": 2.0,
    "wind_direction_deg": 0.0,
    "wave_height_m": 2.0
  },
  "oil_properties": {
    "viscosity_cst": 362.38807725774996,
    "thickness_mm": 4.230879857557386,
    "age_hours": 36.92822316277005
  },
  "spills": [
    {
      "center": {
        "y": 200,
        "x": 170
      },
      "radius_pixels": 66,
      "estimated_area_m2": 1368477.7599037138
    }
  ],
  "statistics": {
    "oil_area_pixels": 13818,
    "oil_coverage_percent": 5.271148681640625,
    "total_area_m2": 26214400.0
  }
}