{
  "timestamp": "2026-04-17T22:07:08.032188",
  "image_size": [
    512,
    512
  ],
  "sensor_params": {
    "wavelength_m": 0.055,
    "incidence_angle_deg": 23.0,
    "resolution_m": 10.0
  },
  "environmental_conditions": {
    "weather": "rough",
    "wind_speed_ms": 10.0,
    "wind_direction_deg": 0.0,
    "wave_height_m": 2.0
  },
  "oil_properties": {
    "viscosity_cst": 389.73168598742546,
    "thickness_mm": 3.9551933014960916,
    "age_hours": 40.486219778119526
  },
  "spills": [
    {
      "center": {
        "y": 324,
        "x": 176
      },
      "radius_pixels": 61,
      "estimated_area_m2": 1168986.626400762
    },
    {
      "center": {
        "y": 184,
        "x": 283
      },
      "radius_pixels": 44,
      "estimated_area_m2": 608212.337734984
    }
  ],
  "statistics": {
    "oil_area_pixels": 17978,
    "oil_coverage_percent": 6.858062744140625,
    "total_area_m2": 26214400.0
  }
}