{
  "timestamp": "2026-04-17T22:07:13.404751",
  "image_size": [
    512,
    512
  ],
  "sensor_params": {
    "wavelength_m": 0.055,
    "incidence_angle_deg": 23.0,
    "resolution_m": 10.0
  },
  "environmental_conditions": {
    "weather": "calm",
    "wind_speed_ms": 2.0,
    "wind_direction_deg": 0.0,
    "wave_height_m": 2.0
  },
  "oil_properties": {
    "viscosity_cst": 771.8009973266115,
    "thickness_mm": 3.2882297335482367,
    "age_hours": 22.442137125453844
  },
  "spills": [
    {
      "center": {
        "y": 286,
        "x": 300
      },
      "radius_pixels": 74,
      "estimated_area_m2": 1720336.1371057706
    }
  ],
  "statistics": {
    "oil_area_pixels": 17375,
    "oil_coverage_percent": 6.6280364990234375,
    "total_area_m2": 26214400.0
  }
}